{"cameraMode":{"drawMode":0,"name":"Shaded","section":"Shading Mode"},"sceneLighting":false,"audioPlay":false,"sceneViewState":{"m_AlwaysRefresh":false,"showFog":true,"showSkybox":false,"showFlares":true,"showImageEffects":true,"showParticleSystems":true,"showVisualEffectGraphs":true,"m_FxEnabled":true},"in2DMode":false,"pivot":{"x":615.3370361328125,"y":302.28643798828127,"z":-0.039689064025878909},"rotation":{"x":-0.005369203630834818,"y":-0.9865943789482117,"z":0.15972277522087098,"w":-0.03316359966993332},"size":8.336970329284668,"orthographic":false}