{"cameraMode":{"drawMode":0,"name":"Shaded","section":"Shading Mode"},"sceneLighting":false,"audioPlay":false,"sceneViewState":{"m_AlwaysRefresh":true,"showFog":true,"showSkybox":false,"showFlares":true,"showImageEffects":true,"showParticleSystems":true,"showVisualEffectGraphs":true,"m_FxEnabled":false},"in2DMode":false,"pivot":{"x":31.97088623046875,"y":0.14368456602096559,"z":17.99115562438965},"rotation":{"x":0.3446709215641022,"y":0.007040266878902912,"z":-0.002584809670224786,"w":0.9386952519416809},"size":0.8428210616111755,"orthographic":false}