{"cameraMode":{"drawMode":0,"name":"Shaded","section":"Shading Mode"},"sceneLighting":true,"audioPlay":false,"sceneViewState":{"m_AlwaysRefresh":true,"showFog":true,"showSkybox":true,"showFlares":true,"showImageEffects":true,"showParticleSystems":true,"showVisualEffectGraphs":true,"m_FxEnabled":false},"in2DMode":false,"pivot":{"x":15.46474552154541,"y":-1.668961524963379,"z":15.742923736572266},"rotation":{"x":0.48069632053375246,"y":-0.03549548238515854,"z":0.019478850066661836,"w":0.8759522438049316},"size":6.727982521057129,"orthographic":false}