{"cameraMode":{"drawMode":0,"name":"Shaded","section":"Shading Mode"},"sceneLighting":false,"audioPlay":false,"sceneViewState":{"m_AlwaysRefresh":true,"showFog":true,"showSkybox":false,"showFlares":true,"showImageEffects":true,"showParticleSystems":true,"showVisualEffectGraphs":true,"m_FxEnabled":false},"in2DMode":false,"pivot":{"x":19.983781814575197,"y":0.29653292894363406,"z":1.9423964023590088},"rotation":{"x":-0.41186702251434328,"y":-0.0010890110861510039,"z":0.0004918642807751894,"w":-0.9112481474876404},"size":0.7212762832641602,"orthographic":false}